商品名称,董店价格,京东价格,董店地址,京东地址
品悦定频冷暖小1匹3级能效挂机空调 KFR23GW(23592)NhAa3 清爽白,1969.0,1899.0,https://mall.gree.com//goods/product/details?id=1000165228&skuId=1000056409,https://item.jd.com/100018351136.html
品圆定频冷暖小1匹3级能效挂机空调 KFR23GW(23592)NhDa3 (蓝色装饰条),1989.0,2399.0,https://mall.gree.com//goods/product/details?id=1000035646&skuId=1000052092,https://item.jd.com/1993091.html
品悦定频冷暖大1匹3级能效挂机空调 KFR26GW(26592)NhAa3 清爽白,1999.0,2700.0,https://mall.gree.com//goods/product/details?id=1000165229&skuId=1000056410,https://item.jd.com/100009693684.html
风采定频冷暖小1匹3级能效挂机空调 KFR23GWNhBaD3 皓雪白,1999.0,,https://mall.gree.com//goods/product/details?id=1001001456&skuId=1000079079,
小行运定频单冷3级能效挂机空调 KF19GW(19301)Aa3 皓雪白,1999.0,,https://mall.gree.com//goods/product/details?id=1002979837&skuId=1000309699,
京逸定频冷暖小1匹3级能效挂机空调 KFR23GWDbD3 皓雪白,2009.0,,https://mall.gree.com//goods/product/details?id=1001005364&skuId=1000079105,
俊越定频冷暖大1匹3级能效挂机空调 KFR26GW(26559)NhAb3 (清爽白),2049.0,2379.0,https://mall.gree.com//goods/product/details?id=1000135270&skuId=1000054773,https://item.jd.com/28516739087.html
凉之夏Ⅱ定频冷暖大1匹3级能效挂机空调  KFR26GW(26591)NhBa3 皓雪白,2049.0,2399.0,https://mall.gree.com//goods/product/details?id=1000025878&skuId=1000042733,https://item.jd.com/10023452528876.html
悦风Ⅱ定频冷暖大1匹3级能效挂机空调 KFR26GW(26564)NhAa3 皓雪白,2099.0,2379.0,https://mall.gree.com//goods/product/details?id=1000025951&skuId=1000042808,https://item.jd.com/28503181403.html
风采定频冷暖大1匹3级能效挂机空调  KFR26GWNhBaD3 皓雪白,2099.0,,https://mall.gree.com//goods/product/details?id=1001001461&skuId=1000079085,
品悦定频单冷正1.5匹3级能效挂机空调 KF35GW(35392)NhAa3 (清爽白),2199.0,2649.0,https://mall.gree.com//goods/product/details?id=1000035631&skuId=1000052077,https://item.jd.com/10026144525289.html
品圆定频冷暖小1.5匹3级能效挂机空调 KFR32GW(32592)NhDa3 (蓝色装饰条),2249.0,,https://mall.gree.com//goods/product/details?id=1000269187&skuId=1000056644,
悦风Ⅱ定频单冷正1.5匹3级能效挂机空调 KF35GW(35364)NhAa3 皓雪白,2299.0,2290.0,https://mall.gree.com//goods/product/details?id=1000025953&skuId=1000042810,https://item.jd.com/69765865085.html
Q畅定频冷暖小1匹2级能效挂机空调 KFR23GW(23594)Aa2 白色,2299.0,,https://mall.gree.com//goods/product/details?id=1000025956&skuId=1000042813,
品悦变频冷暖大1匹3级能效挂机空调 KFR26GW(26592)FNhAaA3 清爽白,2309.0,2499.0,https://mall.gree.com//goods/product/details?id=1000165910&skuId=1000056420,https://item.jd.com/100012690232.html
品圆变频冷暖大1匹3级能效挂机空调 KFR26GW(26592)FNhDaA3 (蓝色装饰条),2319.0,2999.0,https://mall.gree.com//goods/product/details?id=1000025610&skuId=1000042465,https://item.jd.com/1993089.html
悦风Ⅱ变频冷暖大1匹3级能效挂机空调 KFR26GW(26564)FNhAaA3皓雪白,2319.0,2399.0,https://mall.gree.com//goods/product/details?id=1000025912&skuId=1000042769,https://item.jd.com/70637337746.html
品悦定频冷暖正1.5匹3级能效挂机空调 KFR35GW(35592)NhAa3 清爽白,2329.0,2810.0,https://mall.gree.com//goods/product/details?id=1000165502&skuId=1000056413,https://item.jd.com/2121383.html
品圆定频冷暖正1.5匹3级能效挂机空调 KFR35GW(35592)NhDa3 (蓝色装饰条),2359.0,2799.0,https://mall.gree.com//goods/product/details?id=1000035633&skuId=1000052079,https://item.jd.com/1993087.html
品圆定频冷暖正1.5匹3级能效挂机空调 KFR35GW(35592)Da3 荧光白,2399.0,2799.0,https://mall.gree.com//goods/product/details?id=1000025609&skuId=1000042464,https://item.jd.com/6624506.html
【新国标】天丽变频冷暖大1匹3级能效挂机空调 KFR26GW(26530)FNhAkB3(皓雪白),2399.0,2399.0,https://mall.gree.com//goods/product/details?id=1002973194&skuId=1000302723,https://item.jd.com/54119495479.html
风采变频冷暖大1匹3级能效挂机空调  KFR26GWNhBaB3 皓雪白,2399.0,,https://mall.gree.com//goods/product/details?id=1001005363&skuId=1000079104,
宁炫变频冷暖大1匹3级能效挂机空调 KFR26GWNhDdB3 皓雪白,2399.0,,https://mall.gree.com//goods/product/details?id=1001001463&skuId=1000079090,
京逸变频冷暖大1匹3级能效挂机空调 KFR26GWNhDzB3 皓雪白,2399.0,2599.0,https://mall.gree.com//goods/product/details?id=1002975193&skuId=1000304752,https://item.jd.com/100017351308.html
凉之夏III变频冷暖正1.5匹3级能效挂机空调 KFR35GW(35564)FNhAaC3 皓雪白,2429.0,2599.0,https://mall.gree.com//goods/product/details?id=1002935040&skuId=1000263712,https://item.jd.com/70193058277.html
俊越变频冷暖正1.5匹3级能效挂机空调 真品质 越舒适 KFR35GW(35559)FNAaA3(含管) 顶(清爽白),2449.0,,https://mall.gree.com//goods/product/details?id=1002979874&skuId=1000309736,
悦风Ⅱ变频冷暖小1.5匹3级能效挂机空调 KFR32GW(32564)FNhAaA3皓雪白,2499.0,2699.0,https://mall.gree.com//goods/product/details?id=1000025963&skuId=1000042820,https://item.jd.com/49002615900.html
品悦变频冷暖正1.5匹3级能效挂机空调 KFR35GW(35592)FNhAaC3 (清爽白),2499.0,2599.0,https://mall.gree.com//goods/product/details?id=1002941941&skuId=1000270737,https://item.jd.com/100013362104.html
Q畅定频冷暖大1匹2级能效挂机空调 KFR26GW(26594)Aa2 白色,2499.0,2349.0,https://mall.gree.com//goods/product/details?id=1000025958&skuId=1000042815,https://item.jd.com/63697819720.html
品悦变频冷暖小1.5匹3级能效挂机空调 KFR32GW(32592)FNhAaA3 清爽白,2509.0,3880.0,https://mall.gree.com//goods/product/details?id=1000165911&skuId=1000056422,https://item.jd.com/8643696.html
云越变频冷暖正1.5匹3级能效挂机空调 KFR35GWNhLaB3W (皓雪白),2509.0,,https://mall.gree.com//goods/product/details?id=1000270413&skuId=1000056691,
宁炫变频冷暖正1.5匹3级能效挂机空调 KFR35GWNhDdB3 皓雪白,2529.0,,https://mall.gree.com//goods/product/details?id=1001001469&skuId=1000079097,
智享变频冷暖正1.5匹3级能效挂机空调 WiFi智能 节能舒适 KFR35GW(35559)FNAdA3 (清爽白)(京东),2559.0,,https://mall.gree.com//goods/product/details?id=1000035630&skuId=1000052076,
冷静享变频冷暖大1匹2级能效挂机空调 KFR26GW(26583)FNCbA2 皓雪白,2569.0,2699.0,https://mall.gree.com//goods/product/details?id=1000025634&skuId=1000042489,https://item.jd.com/30717480625.html
品圆变频冷暖正1.5匹3级能效挂机空调 KFR35GW(35592)FNhDaA3 (蓝色装饰条),2579.0,3399.0,https://mall.gree.com//goods/product/details?id=1000025611&skuId=1000042466,https://item.jd.com/1993092.html
凉之静‖变频冷暖大1匹2级能效挂机空调 KFR26GWNCcB2W 高亮白,2589.0,3180.0,https://mall.gree.com//goods/product/details?id=1002959256&skuId=1000288184,https://item.jd.com/100000724786.html
【新国标】天丽变频冷暖正1.5匹3级能效挂机空调 KFR35GW(35530)FNhAkB3 (皓雪白),2599.0,2599.0,https://mall.gree.com//goods/product/details?id=1002973196&skuId=1000302725,https://item.jd.com/54119495480.html
风范变频冷暖大1匹2级能效挂机空调 KFR26GWNhCaB2W 高亮白,2599.0,3649.0,https://mall.gree.com//goods/product/details?id=1000796017&skuId=1000069095,https://item.jd.com/10029450380854.html
冷静悦变频冷暖大1匹3级能效挂机空调 KFR26GW(26575)FNAaA3 高亮白,2599.0,2299.0,https://mall.gree.com//goods/product/details?id=1002960859&skuId=1000289875,https://item.jd.com/100012515018.html
品悦变频冷暖正1.5匹3级能效挂机空调 KFR35GW(35592)FNhAaA3 (清爽白),2649.0,3499.0,https://mall.gree.com//goods/product/details?id=1000165912&skuId=1000056424,https://item.jd.com/3421396.html
风·飞扬变频冷暖正1.5匹3级能效挂机空调 KFR35GW(355971)FNAbDA3(TMG) 皓雪白,2659.0,2659.0,https://mall.gree.com//goods/product/details?id=1002979842&skuId=1000309704,https://mall.gree.com//goods/product/details?id=1000035640&skuId=1000052086
风·飞扬变频冷暖正1.5匹3级能效挂机空调 KFR35GW(355971)FNAbDA3(TMG) 皓雪白,2659.0,2659.0,https://mall.gree.com//goods/product/details?id=1002979842&skuId=1000309704,https://mall.gree.com//goods/product/details?id=1000035640&skuId=1000052086
风·飞扬变频冷暖大1匹2级能效挂机空调 KFR26GW(265971)FNCbDA2(奢华金),2669.0,,https://mall.gree.com//goods/product/details?id=1002975191&skuId=1000304750,
【新国标】天丽变频冷暖大1匹1级能效挂机空调 KFR26GW(26530)FNhAkB1(皓雪白),2699.0,2919.0,https://mall.gree.com//goods/product/details?id=1002973197&skuId=1000302726,https://item.jd.com/68556855976.html
云锦变频冷暖大1匹1级能效挂机空调 KFR26GWNhPbB1W 皓雪白,2699.0,,https://mall.gree.com//goods/product/details?id=1002979310&skuId=1000309083,
品悦变频冷暖正1.5匹1级能效挂机空调 KFR35GW(35592)FNhAaA1 (清爽白),2759.0,4480.0,https://mall.gree.com//goods/product/details?id=1002930272&skuId=1000258814,https://item.jd.com/7891247.html
京致变频冷暖大1匹1级能效挂机空调 KFR26GW(265931)FNhAbDA1 (皓雪白),2799.0,4499.0,https://mall.gree.com//goods/product/details?id=1000026040&skuId=1000042897,https://item.jd.com/10021866714539.html
冷静享变频冷暖正1.5匹2级能效挂机空调 KFR35GW(35583)FNCbA2 皓雪白,2799.0,,https://mall.gree.com//goods/product/details?id=1000025635&skuId=1000042490,
冷静悦变频冷暖大1匹3级能效挂机空调 KFR26GW(26575)FNCaA3 奢华金,2799.0,3799.0,https://mall.gree.com//goods/product/details?id=1000025964&skuId=1000042821,https://item.jd.com/5588639.html
冷静宝Ⅲ变频冷暖大1匹3级能效挂机空调 KFR26GW(26574)FNhAaA3 (皓雪白),2799.0,2799.0,https://mall.gree.com//goods/product/details?id=1000796068&skuId=1000069146,https://mall.gree.com//goods/product/details?id=1000796026&skuId=1000069104
冷静宝Ⅲ变频冷暖大1匹3级能效挂机空调 KFR26GW(26574)FNhAaA3 (皓雪白),2799.0,2799.0,https://mall.gree.com//goods/product/details?id=1000796068&skuId=1000069146,https://mall.gree.com//goods/product/details?id=1000796026&skuId=1000069104
风范变频冷暖正1.5匹2级能效挂机空调 KFR35GWNhCaB2W 高亮白,2799.0,,https://mall.gree.com//goods/product/details?id=1000796018&skuId=1000069096,
冷静宝5变频冷暖大1匹3级能效挂机空调 KFR26GW(26519)FNhAaC3 (暖阳白),2799.0,,https://mall.gree.com//goods/product/details?id=1002957849&skuId=1000286767,
凉之静Ⅱ变频冷暖正1.5匹2级能效挂机空调 KFR35GW(355971)FNCaDA2 (奢华金),2849.0,3649.0,https://mall.gree.com//goods/product/details?id=1000035638&skuId=1000052084,https://item.jd.com/3889778.html
【新国标】天丽变频冷暖正1.5匹1级能效挂机空调 KFR35GW(35530)FNhAkB1(皓雪白),2899.0,2999.0,https://mall.gree.com//goods/product/details?id=1002973198&skuId=1000302727,https://item.jd.com/69801972600.html
【新国标】云佳变频冷暖大1匹3级能效挂机空调 KFR26GWNhGc3B(珊瑚玉),2899.0,4499.0,https://mall.gree.com//goods/product/details?id=1002979482&skuId=1000309271,https://item.jd.com/10026223983595.html
冷静悦变频冷暖大1匹3级能效挂机空调 KFR26GW(26575)FNhCaA3(奢华金),2899.0,,https://mall.gree.com//goods/product/details?id=1000032954&skuId=1000050855,
风范变频冷暖大1匹1级能效挂机空调 KFR26GWNhCbB1W (奢华金),2899.0,,https://mall.gree.com//goods/product/details?id=1000270396&skuId=1000056674,
云锦变频冷暖正1.5匹1级能效挂机空调 KFR35GWNhPbB1W 皓雪白,2899.0,,https://mall.gree.com//goods/product/details?id=1002975190&skuId=1000304749,
【新国标】云佳变频冷暖大1匹1级能效挂机空调 KFR26GWNhGc1B(皓雪白),2999.0,2799.0,https://mall.gree.com//goods/product/details?id=1002979469&skuId=1000309258,https://item.jd.com/29669505167.html
冷静悦变频冷暖小1.5匹3级能效挂机空调 KFR32GW(32575)FNAaA3 高亮白,2999.0,,https://mall.gree.com//goods/product/details?id=1000796066&skuId=1000069144,
悦风Ⅱ变频冷暖正1.5匹1级能效挂机空调 KFR35GW(35564)FNhAaA1(皓雪白),2999.0,3658.0,https://mall.gree.com//goods/product/details?id=1002941928&skuId=1000270724,https://item.jd.com/10024908751157.html
京致变频冷暖正1.5匹1级能效挂机空调 KFR35GW(355931)FNhAbDA1 (皓雪白),2999.0,3199.0,https://mall.gree.com//goods/product/details?id=1000025987&skuId=1000042844,https://item.jd.com/3889740.html
Q畅定频冷暖正1.5匹2级能效挂机空调 节能管家 低碳环保 KFR35GW(35594)Aa2 白色,2999.0,,https://mall.gree.com//goods/product/details?id=1000025962&skuId=1000042819,
【新国标】京逸II变频冷暖大1匹3级能效挂机空调 KFR26GWNhBb3Bj 皓雪白,2999.0,2999.0,https://mall.gree.com//goods/product/details?id=1002979362&skuId=1000309141,https://item.jd.com/10031040751806.html
宁韵变频冷暖正1.5匹1级能效挂机空调 快速衡温 立体送风 KFR35GWNhFaB1W (皓雪白)(SN),2999.0,,https://mall.gree.com//goods/product/details?id=1000270403&skuId=1000056681,
【新国标】风采II变频冷暖大1匹3级能效挂机空调 KFR26GWNhBa3Bt 皓雪白,2999.0,,https://mall.gree.com//goods/product/details?id=1002978426&skuId=1000308191,
【新国标】云佳变频冷暖正1.5匹3级能效挂机空调 KFR35GWNhGe3B(珊瑚玉),3099.0,2599.0,https://mall.gree.com//goods/product/details?id=1002979483&skuId=1000309272,https://item.jd.com/10028165865367.html
冷净风变频冷暖大1匹1级能效挂机空调 KFR26GWNhMbB1W (皓雪白),3099.0,,https://mall.gree.com//goods/product/details?id=1002959258&skuId=1000288186,
格力睡梦星II变频冷暖大1匹2级能效挂机空调 KFR26GW(26599)FNhBaC2 (皓雪白),3099.0,3028.0,https://mall.gree.com//goods/product/details?id=1002957847&skuId=1000286765,https://item.jd.com/10027604319409.html
冷净风变频冷暖大1匹1级能效挂机空调 空净合一 健康甄选 KFR26GWNhMaB1W (皓雪白),3099.0,,https://mall.gree.com//goods/product/details?id=1000796012&skuId=1000069090,
【新国标】凉之悦变频冷暖大1匹3级能效挂机空调 KFR26GW(26592)FNhAfB3(珊瑚玉),3099.0,2499.0,https://mall.gree.com//goods/product/details?id=1002972179&skuId=1000301650,https://item.jd.com/10024239386152.html
格力巡风星移动空调1.5匹冷暖  KYR35NANA1A 亮白,3189.0,2699.0,https://mall.gree.com//goods/product/details?id=1002938209&skuId=1000266937,https://item.jd.com/70193497801.html
【新国标】云佳变频冷暖正1.5匹1级能效挂机空调 KFR35GWNhGc1B(皓雪白),3199.0,2989.0,https://mall.gree.com//goods/product/details?id=1002979470&skuId=1000309259,https://item.jd.com/29669505169.html
悦风Ⅱ变频冷暖正1.5匹1级能效挂机空调 KFR35GW(35564)FNhCaA1(奢华金),3199.0,3899.0,https://mall.gree.com//goods/product/details?id=1002931378&skuId=1000259942,https://item.jd.com/10026468406687.html
【新国标】京逸II变频冷暖正1.5匹3级能效挂机空调 KFR35GWNhBb3Bj 皓雪白,3199.0,2999.0,https://mall.gree.com//goods/product/details?id=1002979361&skuId=1000309140,https://item.jd.com/10031040751806.html
风范变频冷暖正1.5匹1级能效挂机空调 KFR35GWNhCbB1W (奢华金),3199.0,,https://mall.gree.com//goods/product/details?id=1000270397&skuId=1000056675,
【新国标】风采II变频冷暖正1.5匹3级能效挂机空调 KFR35GWNhBa3Bt 皓雪白,3199.0,,https://mall.gree.com//goods/product/details?id=1002978428&skuId=1000308193,
冷静悦变频冷暖正1.5匹3级能效挂机空调 KFR35GW(35575)FNhCaA3(奢华金),3299.0,,https://mall.gree.com//goods/product/details?id=1000032956&skuId=1000050857,
【新国标】凉之夏变频冷暖大1匹3级能效挂机空调 KFR26GW(26564)FNhAcB3 (珊瑚玉),3299.0,2599.0,https://mall.gree.com//goods/product/details?id=1002957028&skuId=1000285944,https://item.jd.com/72283148504.html
【新国标】凉之悦变频冷暖正1.5匹3级能效挂机空调 KFR35GW(35592)FNhAfB3(珊瑚玉),3299.0,2669.0,https://mall.gree.com//goods/product/details?id=1002972180&skuId=1000301651,https://item.jd.com/10029444943408.html
【新国标】清柔风变频冷暖大1匹3级能效挂机空调 KFR26GW(26563)FNhAaB3JY01 皓雪白,3309.0,4299.0,https://mall.gree.com//goods/product/details?id=1002964468&skuId=1000293638,https://item.jd.com/10022920136645.html
【新国标】凉之韵变频冷暖大1匹3级能效挂机空调 KFR26GW(26526)FNhAaB3 (皓雪白),3369.0,2899.0,https://mall.gree.com//goods/product/details?id=1002957011&skuId=1000285927,https://item.jd.com/54081679153.html
冷静王Ⅲ变频冷暖大1匹1级能效挂机空调 KFR26GW(26549)FNhCaA1奢华金,3399.0,3599.0,https://mall.gree.com//goods/product/details?id=1000025969&skuId=1000042826,https://item.jd.com/67474329648.html
【新国标】凉之夏变频冷暖正1.5匹3级能效挂机空调 KFR35GW(35564)FNhAcB3 (珊瑚玉),3519.0,2799.0,https://mall.gree.com//goods/product/details?id=1002957031&skuId=1000285947,https://item.jd.com/72285809720.html
【新国标】凉之韵变频冷暖正1.5匹3级能效挂机空调 KFR35GW(35526)FNhAaB3 (皓雪白),3589.0,3199.0,https://mall.gree.com//goods/product/details?id=1002957012&skuId=1000285928,https://item.jd.com/54081679154.html
冷净风变频冷暖正1.5匹1级能效挂机空调 KFR35GWNhMbB1W (皓雪白),3599.0,,https://mall.gree.com//goods/product/details?id=1002959257&skuId=1000288185,
冷净风变频冷暖正1.5匹1级能效挂机空调 空净合一 健康甄选 KFR35GWNhMaB1W (皓雪白),3599.0,7499.0,https://mall.gree.com//goods/product/details?id=1000796013&skuId=1000069091,https://item.jd.com/10021642556497.html
润耀变频冷暖大1匹1级能效挂机空调 KFR26GW(26595)FNhAbA1(皓雪白),3599.0,3399.0,https://mall.gree.com//goods/product/details?id=1000135179&skuId=1000054587,https://item.jd.com/68574830909.html
【新国标】清柔风变频冷暖正1.5匹3级能效挂机空调 KFR35GW(35563)FNhAeB3JY01 皓雪白,3639.0,4899.0,https://mall.gree.com//goods/product/details?id=1002964499&skuId=1000293669,https://item.jd.com/10022920458661.html
冷净风(标准款)变频冷暖大1匹2级能效挂机空调  KFR26GW(26543)FNhAaA2 (皓雪白),3699.0,3899.0,https://mall.gree.com//goods/product/details?id=1000133192&skuId=1000054125,https://item.jd.com/34041575337.html
冷净风变频冷暖大1匹1级能效挂机空调 KFR26GWNhMcB1W(皓雪白)(SN),3799.0,,https://mall.gree.com//goods/product/details?id=1002979847&skuId=1000309709,
【新国标】清柔风变频冷暖正1.5匹2级能效挂机空调 KFR35GW(35563)FNhAaB2JY01 皓雪白,3879.0,3399.0,https://mall.gree.com//goods/product/details?id=1002964171&skuId=1000293341,https://item.jd.com/100019457958.html
润慧变频冷暖大1匹1级能效挂机空调 KFR26GW(26532)FNhCbA1 (奢华金),3899.0,3300.0,https://mall.gree.com//goods/product/details?id=1000135357&skuId=1000055012,https://item.jd.com/48691651201.html
【新国标】清柔风变频冷暖大1匹1级能效挂机空调 KFR26GW(26563)FNhAdB1JY01 皓雪白,3959.0,3899.0,https://mall.gree.com//goods/product/details?id=1002970164&skuId=1000299525,https://item.jd.com/100021802094.html
【新国标】冷静悦变频冷暖大1匹3级能效挂机空调 KFR26GW(26575)FNhAaB3(皓雪白),3959.0,3399.0,https://mall.gree.com//goods/product/details?id=1002957042&skuId=1000285958,https://item.jd.com/10026423357375.html
润铂变频冷暖大1匹1级能效挂机空调 KFR26GW(26553)FNhCbA1 (奢华金),4099.0,4399.0,https://mall.gree.com//goods/product/details?id=1000025862&skuId=1000042717,https://item.jd.com/62724461588.html
【新国标】京慕变频冷暖大1匹1级能效挂机空调 KFR26GWNhHe1BAj 奢华金,4099.0,8498.0,https://mall.gree.com//goods/product/details?id=1002979515&skuId=1000309304,https://item.jd.com/100011744761.html
冷净风变频冷暖正1.5匹1级能效挂机空调 KFR35GWNhMcB1W(皓雪白)(SN),4109.0,,https://mall.gree.com//goods/product/details?id=1002979840&skuId=1000309702,
【新国标】凉之静变频冷暖大1匹1级能效挂机空调 KFR26GW(26565)FNhAaB1(月影白),4179.0,3999.0,https://mall.gree.com//goods/product/details?id=1002958496&skuId=1000287417,https://item.jd.com/41475445048.html
T悦定频单冷2匹3级能效柜机空调 简雅风格 心意之选 KF50LW(50333)NhAa3 浅灰,4199.0,4799.0,https://mall.gree.com//goods/product/details?id=1000796028&skuId=1000069106,https://item.jd.com/68654667155.html
京韵定频冷暖2匹3级能效挂机空调 KFR50GWAaD3 白色,4249.0,4649.0,https://mall.gree.com//goods/product/details?id=1002979311&skuId=1000309084,https://item.jd.com/4856816.html
【新国标】冷静宝变频冷暖大1匹3级能效挂机空调 KFR26GW(26519)FNhAaB3(暖阳白),4269.0,3879.0,https://mall.gree.com//goods/product/details?id=1002957019&skuId=1000285935,https://item.jd.com/39678890244.html
【新国标】冷静悦变频冷暖正1.5匹3级能效挂机空调 KFR35GW(35575)FNhAaB3(皓雪白),4289.0,3699.0,https://mall.gree.com//goods/product/details?id=1002957045&skuId=1000285961,https://item.jd.com/10026423357376.html
清炫风变频冷暖2匹3级能效柜机空调 KFR50LWNhHaB3 皓雪白,4289.0,,https://mall.gree.com//goods/product/details?id=1000796061&skuId=1000069139,
润耀变频冷暖正1.5匹1级能效挂机空调 KFR35GW(35595)FNhAbA1(皓雪白),4299.0,3989.0,https://mall.gree.com//goods/product/details?id=1000135356&skuId=1000055011,https://item.jd.com/68574830911.html
冷净风(标准款)变频冷暖正1.5匹2级能效挂机空调 KFR35GW(35543)FNhCaA2 (奢华金),4299.0,,https://mall.gree.com//goods/product/details?id=1000133197&skuId=1000054131,
【新国标】清柔风变频冷暖正1.5匹1级能效挂机空调 KFR35GW(35563)FNhAdB1JY01 皓雪白,4319.0,4899.0,https://mall.gree.com//goods/product/details?id=1002970165&skuId=1000299526,https://item.jd.com/100017351282.html
【新国标】京慕变频冷暖正1.5匹1级能效挂机空调 KFR35GWNhHe1BAj 奢华金,4399.0,4499.0,https://mall.gree.com//goods/product/details?id=1002979516&skuId=1000309305,https://item.jd.com/100021804384.html
T爽定频冷暖2匹3级能效柜机空调 贴心设计 享受生活 KFR50LW(50532)Aa3(含管) 顶 浅灰,4399.0,,https://mall.gree.com//goods/product/details?id=1002979877&skuId=1000309739,
清炫风定频冷暖2匹3级能效柜机空调 强劲冷暖 舒享四季 KFR50LWNhHaD3 皓雪白,4409.0,,https://mall.gree.com//goods/product/details?id=1000796059&skuId=1000069137,
清炫风定频冷暖3匹3级能效挂机空调 KFR72GWAbD3 白色,4439.0,,https://mall.gree.com//goods/product/details?id=1000025637&skuId=1000042492,
润铂变频冷暖正1.5匹1级能效挂机空调 KFR35GW(35553)FNhCbA1 (奢华金),4499.0,4799.0,https://mall.gree.com//goods/product/details?id=1000025859&skuId=1000042714,https://item.jd.com/62724461587.html
【新国标】冷静宝变频冷暖正1.5匹3级能效挂机空调 KFR35GW(35519)FNhAaB3(暖阳白),4499.0,4089.0,https://mall.gree.com//goods/product/details?id=1002957021&skuId=1000285937,https://item.jd.com/39678890245.html
【新国标】时光映变频冷暖大1匹1级能效挂机空调 KFR26GW(26589)FNhAaB1(经典米),4509.0,4099.0,https://mall.gree.com//goods/product/details?id=1002963365&skuId=1000292512,https://item.jd.com/100015490960.html
【新国标】天丽变频冷暖2匹3级能效柜机空调 KFR50LW(50530)FNhAkB3(皓雪白),4599.0,4899.0,https://mall.gree.com//goods/product/details?id=1002979820&skuId=1000309680,https://item.jd.com/68631093440.html
【新国标】凉之静变频冷暖正1.5匹1级能效挂机空调 KFR35GW(35565)FNhAaB1(月影白),4619.0,3199.0,https://mall.gree.com//goods/product/details?id=1002958497&skuId=1000287418,https://item.jd.com/58159319771.html
悦风Ⅱ变频冷暖2匹3级能效柜机空调 KFR50LW(50598)FNhAaA3 皓雪白,4699.0,5299.0,https://mall.gree.com//goods/product/details?id=1000025928&skuId=1000042785,https://item.jd.com/57675223412.html
【新国标】云轩(健康款)变频冷暖大1匹1级能效挂机空调 KFR26GWNhHd1BG(皓雪白),4699.0,19697.0,https://mall.gree.com//goods/product/details?id=1002979471&skuId=1000309260,https://item.jd.com/100021376502.html
E风定频冷暖2匹3级能效柜机空调 KFR50LW(50530)NhAb3(皓雪白),4699.0,4399.0,https://mall.gree.com//goods/product/details?id=1002941930&skuId=1000270726,https://item.jd.com/65776885197.html
格力•云酷定频冷暖2匹3级能效柜机空调 KFR50LWNhZaD3W(银蓝色),4729.0,,https://mall.gree.com//goods/product/details?id=1000025644&skuId=1000042499,
【新国标】冷静王变频冷暖大1匹1级能效挂机空调 KFR26GW(26549)FNhAaB1(皓雪白),4729.0,4399.0,https://mall.gree.com//goods/product/details?id=1002957048&skuId=1000285964,https://item.jd.com/68747693767.html
T爽变频冷暖2匹3级能效柜机空调  KFR50LW(50532)FNhAaA3 浅灰色,4799.0,4999.0,https://mall.gree.com//goods/product/details?id=1000135279&skuId=1000054787,https://item.jd.com/3440005.html
清享风定频冷暖2匹2级能效柜机空调 KFR50LWNhMaD2W 玫瑰金,4799.0,,https://mall.gree.com//goods/product/details?id=1000268813&skuId=1000056632,
【新国标】时光映变频冷暖正1.5匹1级能效挂机空调 KFR35GW(35589)FNhAaB1(经典米),4839.0,4999.0,https://mall.gree.com//goods/product/details?id=1002963366&skuId=1000292513,https://item.jd.com/100022342202.html
T悦定频冷暖2匹3级能效柜机空调  KFR50LW(50533)NhAa3 浅灰,4859.0,4850.0,https://mall.gree.com//goods/product/details?id=1000796029&skuId=1000069107,https://item.jd.com/2981244.html
清炫风定频冷暖3匹3级能效柜机空调  KFR72LWNhHaD3 皓雪白,4899.0,,https://mall.gree.com//goods/product/details?id=1000796060&skuId=1000069138,
【新国标】冷静王变频冷暖大1匹1级能效挂机空调 KFR26GW(26549)FNhCaB1(奢华金),4909.0,3999.0,https://mall.gree.com//goods/product/details?id=1002957017&skuId=1000285933,https://item.jd.com/46023853056.html
E风变频冷暖2匹3级能效柜机空调 KFR50LW(50530)FNhAaA3(月影白),4999.0,4699.0,https://mall.gree.com//goods/product/details?id=1000135203&skuId=1000054612,https://item.jd.com/100019640916.html
【新国标】云佳变频冷暖2匹3级能效柜机空调 KFR50LWNhGh3B 皓雪白,4999.0,4999.0,https://mall.gree.com//goods/product/details?id=1002978433&skuId=1000308198,https://item.jd.com/100021804386.html
【新国标】云轩(健康款)变频冷暖正1.5匹1级能效挂机空调 KFR35GWNhHd1BG(皓雪白),4999.0,19697.0,https://mall.gree.com//goods/product/details?id=1002979472&skuId=1000309261,https://item.jd.com/100021376502.html
风无界变频冷暖大1匹1级能效挂机空调 KFR26GW(26537)FNhAaA1(皓雪白),4999.0,5398.0,https://mall.gree.com//goods/product/details?id=1000135191&skuId=1000054599,https://item.jd.com/70014082710.html
风无界变频冷暖大1匹1级能效挂机空调 KFR26GW(26537)FNhCaA1(珊瑚玉),4999.0,5800.0,https://mall.gree.com//goods/product/details?id=1000135195&skuId=1000054603,https://item.jd.com/61416813769.html
宁悦变频冷暖2匹3级能效柜机空调 KFR50LW(505531)FNhAcDA3(皓雪白)(SN),5009.0,,https://mall.gree.com//goods/product/details?id=1000269191&skuId=1000056649,
格力•云酷变频冷暖2匹3级能效柜机空调 KFR50LWNhZaB3W(银蓝色),5029.0,6999.0,https://mall.gree.com//goods/product/details?id=1000025648&skuId=1000042503,https://item.jd.com/6652521.html
【新国标】冷静王变频冷暖正1.5匹1级能效挂机空调 KFR35GW(35549)FNhAaB1(皓雪白),5059.0,4699.0,https://mall.gree.com//goods/product/details?id=1002957051&skuId=1000285967,https://item.jd.com/68747693768.html
云锦变频冷暖2匹1级能效柜机空调 KFR50LWNhZcB1W (皓雪白),5099.0,,https://mall.gree.com//goods/product/details?id=1002975187&skuId=1000304746,
风·轻扬变频冷暖2匹2级能效柜机空调 KFR50LW(505551)FNhAaDA2(皓雪白),5099.0,,https://mall.gree.com//goods/product/details?id=1000269186&skuId=1000056643,
清享风变频冷暖2匹3级能效柜机空调 KFR50LWNhMaB3W 玫瑰金,5099.0,,https://mall.gree.com//goods/product/details?id=1000796063&skuId=1000069141,
静享变频冷暖2匹3级能效柜机空调 KFR50LW(50555)FNhAdA3皓雪白,5099.0,5999.0,https://mall.gree.com//goods/product/details?id=1000269181&skuId=1000056638,https://item.jd.com/2942446.html
i酷定频冷暖2匹3级能效柜机空调 智能触控 省电省心 KFR50LW(505511)NhAaD3(银色),5099.0,,https://mall.gree.com//goods/product/details?id=1000035642&skuId=1000052088,
格力•金贝变频冷暖大1匹1级能效挂机空调 KFR26GW(26578)FNhCaA1 (奢华金),5099.0,5699.0,https://mall.gree.com//goods/product/details?id=1000025756&skuId=1000042611,https://item.jd.com/31431724955.html
绿嘉园定频冷暖2匹2级能效挂机空调 大匹数省空间 KFR50GW(50556)NhAd2(含管) 顶 白色,5099.0,,https://mall.gree.com//goods/product/details?id=1002979875&skuId=1000309737,
【新国标】冷静王变频冷暖正1.5匹1级能效挂机空调 KFR35GW(35549)FNhCaB1(奢华金),5169.0,4299.0,https://mall.gree.com//goods/product/details?id=1002963364&skuId=1000292511,https://item.jd.com/46023853057.html
【新国标】睡梦星变频冷暖大1匹1级能效挂机空调 KFR26GW(26599)FNhBaB1(皓雪白),5169.0,4699.0,https://mall.gree.com//goods/product/details?id=1002950317&skuId=1000279123,https://item.jd.com/27318656478.html
【新国标】睡梦星变频冷暖正1.5匹1级能效挂机空调 KFR35GW(35599)FNhBaB1(皓雪白),5389.0,4899.0,https://mall.gree.com//goods/product/details?id=1002950321&skuId=1000279127,https://item.jd.com/27318656479.html
i酷定频冷暖3匹3级能效柜机空调 KFR72LW(72551)NhAa3 银色,5399.0,,https://mall.gree.com//goods/product/details?id=1000025642&skuId=1000042497,
i尚变频冷暖2匹3级能效柜机空调 KFR50LW(50555)FNhAbA3 纯白,5399.0,6299.0,https://mall.gree.com//goods/product/details?id=1000025619&skuId=1000042474,https://item.jd.com/13345790918.html
风无界变频冷暖正1.5匹1级能效挂机空调 KFR35GW(35537)FNhAaA1 (皓雪白),5399.0,5898.0,https://mall.gree.com//goods/product/details?id=1000135272&skuId=1000054775,https://item.jd.com/70014082711.html
风无界变频冷暖正1.5匹1级能效挂机空调 KFR35GW(35537)FNhCaA1 (珊瑚玉),5399.0,5580.0,https://mall.gree.com//goods/product/details?id=1000135343&skuId=1000054998,https://item.jd.com/68745710837.html
清享风定频冷暖3匹2级能效柜机空调 KFR72LWNhMaD2W 玫瑰金,5499.0,,https://mall.gree.com//goods/product/details?id=1000268810&skuId=1000056629,
i享变频冷暖2匹3级能效柜机空调 KFR50LW(50580)FNhAaA3(纯白),5499.0,7600.0,https://mall.gree.com//goods/product/details?id=1000135205&skuId=1000054614,https://item.jd.com/5478505.html
i享变频冷暖2匹3级能效柜机空调 KFR50LW(50580)FNhAbA3(金秋白),5499.0,6099.0,https://mall.gree.com//goods/product/details?id=1000135206&skuId=1000054615,https://item.jd.com/28206557361.html
【新国标】时光绘变频冷暖大1匹1级能效挂机空调 KFR26GW(26519)FNhBdB1(文艺灰),5499.0,4399.0,https://mall.gree.com//goods/product/details?id=1002976157&skuId=1000305747,https://item.jd.com/10027734035210.html
【新国标】时光绘变频冷暖大1匹1级能效挂机空调 KFR26GW(26519)FNhBcB1(经典米),5499.0,,https://mall.gree.com//goods/product/details?id=1002976068&skuId=1000305658,
格力•云酷定频冷暖3匹3级能效柜机空调 KFR72LWNhZaD3W(银蓝色),5529.0,10499.0,https://mall.gree.com//goods/product/details?id=1000025646&skuId=1000042501,https://item.jd.com/10021637763027.html
俊扬定频冷暖2匹3级能效柜机空调 时尚简雅 舒适生活 KFR50LW(50529)NhAa3(含管) 顶 高亮白,5559.0,5559.0,https://mall.gree.com//goods/product/details?id=1002979876&skuId=1000309738,https://mall.gree.com//goods/product/details?id=1002972717&skuId=1000302218
俊扬定频冷暖2匹3级能效柜机空调 时尚简雅 舒适生活 KFR50LW(50529)NhAa3(含管) 顶 高亮白,5559.0,5559.0,https://mall.gree.com//goods/product/details?id=1002979876&skuId=1000309738,https://mall.gree.com//goods/product/details?id=1002972717&skuId=1000302218
E风定频冷暖3匹3级能效柜机空调 KFR72LW(72530)NhAa3(月影白),5599.0,5399.0,https://mall.gree.com//goods/product/details?id=1002941931&skuId=1000270727,https://item.jd.com/69948142241.html
云锦变频冷暖2匹1级能效柜机空调 KFR50LWNhZbB1W 皓雪白,5599.0,9499.0,https://mall.gree.com//goods/product/details?id=1000030961&skuId=1000048463,https://item.jd.com/10021482576446.html
【新国标】天丽变频冷暖3匹3级能效柜机空调 KFR72LW(72530)FNhAtB3(皓雪白),5599.0,5599.0,https://mall.gree.com//goods/product/details?id=1002979821&skuId=1000309681,https://item.jd.com/10027487889836.html
【新国标】天丽变频冷暖3匹3级能效柜机空调 KFR72LW(72530)FNhAkB3(皓雪白),5599.0,5999.0,https://mall.gree.com//goods/product/details?id=1002979822&skuId=1000309682,https://item.jd.com/68369506662.html
绿嘉园定频冷暖3匹3级能效挂机空调 KFR72GW(72556)NhAd3 白色,5599.0,6190.0,https://mall.gree.com//goods/product/details?id=1000025871&skuId=1000042726,https://item.jd.com/6300957.html
【新国标】天丽变频冷暖2匹1级能效柜机空调 KFR50LW(50530)FNhAkB1(皓雪白),5599.0,5599.0,https://mall.gree.com//goods/product/details?id=1002979823&skuId=1000309683,https://item.jd.com/68584286306.html
E风定频冷暖3匹3级能效柜机空调 KFR72LW(72530)NhAb3(皓雪白),5599.0,5399.0,https://mall.gree.com//goods/product/details?id=1002941932&skuId=1000270728,https://item.jd.com/69948142241.html
格力·领御变频冷暖正1.5匹1级能效挂机空调 KFR35GW(35577)FNhAaA1(金秋白),5599.0,,https://mall.gree.com//goods/product/details?id=1002979836&skuId=1000309698,
【新国标】睡梦宝变频冷暖大1匹1级能效挂机空调 KFR26GW(26553)FNhAaB1(皓雪白),5609.0,4899.0,https://mall.gree.com//goods/product/details?id=1002950288&skuId=1000279094,https://item.jd.com/66762329782.html
【新国标】睡梦享变频冷暖正1.5匹2级能效挂机空调 KFR35GW(35521)FNhCaB2(英砂金),5609.0,,https://mall.gree.com//goods/product/details?id=1002963985&skuId=1000293137,
i酷变频冷暖2匹3级能效柜机空调 KFR50LW(505511)FNAaDA3(银色),5699.0,,https://mall.gree.com//goods/product/details?id=1002979314&skuId=1000309087,
【新国标】时光绘变频冷暖正1.5匹1级能效挂机空调 KFR35GW(35519)FNhBdB1(文艺灰),5719.0,4499.0,https://mall.gree.com//goods/product/details?id=1002977480&skuId=1000307109,https://item.jd.com/66800318808.html
【新国标】时光绘变频冷暖正1.5匹1级能效挂机空调 KFR35GW(35519)FNhBcB1(经典米),5719.0,4099.0,https://mall.gree.com//goods/product/details?id=1002977602&skuId=1000307266,https://item.jd.com/10025673775164.html
悦风Ⅱ变频冷暖3匹3级能效柜机空调 KFR72LW(72598)FNhAaA3 皓雪白,5799.0,6299.0,https://mall.gree.com//goods/product/details?id=1000025929&skuId=1000042786,https://item.jd.com/57675223413.html
臻·净爽变频冷暖2匹2级能效柜机空调 KFR50LWNhIbB2W 典雅银,5799.0,8699.0,https://mall.gree.com//goods/product/details?id=1000026042&skuId=1000042899,https://item.jd.com/5104786.html
臻·净爽变频冷暖2匹2级能效柜机空调 KFR50LWNhIcB2W(典雅银)(SN),5799.0,,https://mall.gree.com//goods/product/details?id=1000269193&skuId=1000056651,
风无界变频冷暖小1.5匹1级能效挂机空调 KFR32GW(32537)FNhAaA1(皓雪白),5879.0,5280.0,https://mall.gree.com//goods/product/details?id=1000135192&skuId=1000054600,https://item.jd.com/68743779560.html
风无界变频冷暖小1.5匹1级能效挂机空调 KFR32GW(32537)FNhCaA1(珊瑚玉),5879.0,5480.0,https://mall.gree.com//goods/product/details?id=1000135198&skuId=1000054607,https://item.jd.com/68745710836.html
【新国标】智慧鸟儿童空调变频冷暖大1匹1级能效挂机空调 KFR26GW(26546)FNhAfB1(活力黄),5899.0,,https://mall.gree.com//goods/product/details?id=1002975232&skuId=1000304791,
【新国标】智慧鸟儿童空调变频冷暖大1匹1级能效挂机空调 KFR26GW(26546)FNhAdB1(樱花粉),5899.0,,https://mall.gree.com//goods/product/details?id=1002975236&skuId=1000304795,
【新国标】智慧鸟儿童空调变频冷暖大1匹1级能效挂机空调 KFR26GW(26546)FNhAeB1(天空蓝),5899.0,6199.0,https://mall.gree.com//goods/product/details?id=1002975234&skuId=1000304793,https://item.jd.com/100015654206.html
【新国标】云佳变频冷暖3匹3级能效柜机空调 KFR72LWNhGh3B 皓雪白,5999.0,5999.0,https://mall.gree.com//goods/product/details?id=1002978434&skuId=1000308199,https://item.jd.com/10026514748993.html
绿嘉园变频冷暖3匹3级能效挂机空调 KFR72GW(72556)FNhAaA3 白色,5999.0,6999.0,https://mall.gree.com//goods/product/details?id=1000026442&skuId=1000043377,https://item.jd.com/35155131934.html
京淳变频冷暖正1.5匹1级能效挂机空调 KFR35GWNhCf1BGj(碧玺蓝),5999.0,5999.0,https://mall.gree.com//goods/product/details?id=1002979465&skuId=1000309254,https://item.jd.com/100021510644.html
i畅变频冷暖2匹3级能效柜机空调 KFR50LW(50553)FNhAbA3 (皓雪白),5999.0,8199.0,https://mall.gree.com//goods/product/details?id=1002979708&skuId=1000309564,https://item.jd.com/100004841619.html
【新国标】冷静尊变频冷暖大1匹1级能效挂机空调 KFR26GW(26590)FNhCaB1(奢华金),6009.0,5199.0,https://mall.gree.com//goods/product/details?id=1002963971&skuId=1000293123,https://item.jd.com/10026397573712.html
【新国标】睡梦宝变频冷暖正1.5匹1级能效挂机空调 KFR35GW(35553)FNhAaB1(皓雪白),6049.0,5299.0,https://mall.gree.com//goods/product/details?id=1002950310&skuId=1000279116,https://item.jd.com/66762329783.html
格力•云酷变频冷暖3匹3级能效柜机空调 KFR72LWNhZaB3W(银蓝色),6099.0,,https://mall.gree.com//goods/product/details?id=1000025649&skuId=1000042504,
静享变频冷暖3匹3级能效柜机空调 KFR72LW(72555)FNhAdA3皓雪白,6099.0,8699.0,https://mall.gree.com//goods/product/details?id=1000268815&skuId=1000056636,https://item.jd.com/2942458.html
风·轻扬变频冷暖3匹2级能效柜机空调  KFR72LW(725551)FNhAaDA2(皓雪白),6099.0,,https://mall.gree.com//goods/product/details?id=1000269188&skuId=1000056645,
【新国标】新恬变频冷暖大1匹1级能效挂机空调 KFR26GW(26553)FNhAbB1(皓雪白),6188.0,,https://mall.gree.com//goods/product/details?id=1002941316&skuId=1000270071,
i尚变频冷暖3匹3级能效柜机空调 KFR72LW(72555)FNhAbA3 纯白,6199.0,8199.0,https://mall.gree.com//goods/product/details?id=1000025620&skuId=1000042475,https://item.jd.com/3543966.html
【新国标】睡梦宝变频冷暖正1.5匹1级能效挂机空调 KFR35GW(35553)FNhCaB1(奢华金),6269.0,4799.0,https://mall.gree.com//goods/product/details?id=1002967000&skuId=1000296222,https://item.jd.com/55007329543.html
臻·净爽变频冷暖2匹1级能效柜机空调 KFR50LWNhlbB1W 金秋白,6299.0,,https://mall.gree.com//goods/product/details?id=1000026044&skuId=1000042901,
臻·净爽变频冷暖2匹1级能效柜机空调 KFR50LWNhIeB1W (金秋白)™,6299.0,,https://mall.gree.com//goods/product/details?id=1002975188&skuId=1000304747,
【新国标】智慧鸟儿童空调变频冷暖正1.5匹1级能效挂机空调 KFR35GW(35546)FNhAfB1(活力黄),6299.0,,https://mall.gree.com//goods/product/details?id=1002975233&skuId=1000304792,
【新国标】智慧鸟儿童空调变频冷暖正1.5匹1级能效挂机空调 KFR35GW(35546)FNhAeB1(天空蓝),6299.0,,https://mall.gree.com//goods/product/details?id=1002977485&skuId=1000307114,
【新国标】智慧鸟儿童空调变频冷暖正1.5匹1级能效挂机空调 KFR35GW(35546)FNhAdB1(樱花粉),6299.0,,https://mall.gree.com//goods/product/details?id=1002977483&skuId=1000307112,
臻·净爽变频冷暖2匹1级能效柜机空调 KFR50LWNhIcB1W(金秋白)(SN),6299.0,,https://mall.gree.com//goods/product/details?id=1002959254&skuId=1000288182,
【新国标】冷静尊变频冷暖正1.5匹1级能效挂机空调 KFR35GW(35590)FNhCaB1(奢华金),6379.0,5599.0,https://mall.gree.com//goods/product/details?id=1002963972&skuId=1000293124,https://item.jd.com/10026415626986.html
【新国标】京韵变频冷暖2匹3级能效挂机空调 KFR50GWNhIe3BAj 皓雪白,6399.0,4899.0,https://mall.gree.com//goods/product/details?id=1002979493&skuId=1000309282,https://item.jd.com/100018548986.html
i享变频冷暖3匹3级能效柜机空调 KFR72LW(72580)FNhAaA3(纯白),6399.0,6699.0,https://mall.gree.com//goods/product/details?id=1000135209&skuId=1000296598,https://item.jd.com/27649664746.html
【新国标】清炫风变频冷暖2匹3级能效挂机空调 KFR50GWNhIf3BAt 皓雪白,6399.0,5099.0,https://mall.gree.com//goods/product/details?id=1002978430&skuId=1000308195,https://item.jd.com/10023489418241.html
i酷变频冷暖3匹3级能效柜机空调  KFR72LW(725511)FNAbDA3(银色),6399.0,,https://mall.gree.com//goods/product/details?id=1000035643&skuId=1000052089,
i享变频冷暖3匹3级能效柜机空调 KFR72LW(72580)FNhAbA3(金秋白),6499.0,7099.0,https://mall.gree.com//goods/product/details?id=1000134388&skuId=1000054302,https://item.jd.com/28142362039.html
【新国标】天丽变频冷暖3匹1级能效柜机空调 KFR72LW(72530)FNhAkB1(皓雪白),6599.0,6499.0,https://mall.gree.com//goods/product/details?id=1002979824&skuId=1000309684,https://item.jd.com/56061128123.html
【新国标】天丽变频冷暖3匹1级能效柜机空调 KFR72LW(72530)FNhAmB1(皓雪白),6599.0,7099.0,https://mall.gree.com//goods/product/details?id=1002979825&skuId=1000309685,https://item.jd.com/68507783836.html
【新国标】风纪元变频冷暖小2匹1级能效挂机空调 KFR46GWNhId1BW(奢华金),6599.0,,https://mall.gree.com//goods/product/details?id=1002979494&skuId=1000309283,
臻·净爽变频冷暖3匹2级能效柜机空调 KFR72LWNhIbB2W 典雅银,6789.0,,https://mall.gree.com//goods/product/details?id=1000026041&skuId=1000042898,
【新国标，预计6月6日陆续发货】格力·臻新风变频冷暖大1匹1级能效挂机空调 KFR26GW(26537)FNhAfB1(皓雪白),6799.0,,https://mall.gree.com//goods/product/details?id=1002979513&skuId=1000309302,
【新国标】臻净风变频冷暖大1匹1级能效挂机空调(除甲醛) KFR26GW(26543)FNhCeB1(伦勃朗棕),6799.0,,https://mall.gree.com//goods/product/details?id=1002979618&skuId=1000309470,
【新国标】京淳变频冷暖大1匹1级能效挂机空调 KFR26GWNhCf1BGj(碧玺蓝),6799.0,5799.0,https://mall.gree.com//goods/product/details?id=1002979464&skuId=1000309253,https://item.jd.com/100021510662.html
【新国标】凉之韵变频冷暖2匹3级能效柜机空调 KFR50LW(50530)FNhAbB3(皓雪白),6999.0,5099.0,https://mall.gree.com//goods/product/details?id=1002974687&skuId=1000304240,https://item.jd.com/51363997615.html
【新国标】臻净风变频冷暖正1.5匹1级能效挂机空调(除甲醛) KFR35GW(35543)FNhCeB1(伦勃朗棕),6999.0,,https://mall.gree.com//goods/product/details?id=1002979619&skuId=1000309471,
【新国标】格力•汉白玉变频冷暖大1匹1级能效挂机空调 KFR26GW(26566)FNhDaB1(皓雪白),7099.0,5799.0,https://mall.gree.com//goods/product/details?id=1002963362&skuId=1000292509,https://item.jd.com/10026297654940.html
【新国标】格力·云酷Ⅱ变频冷暖2匹3级能效柜机空调 KFR50LWNhAc3BG 银蓝色,7099.0,5699.0,https://mall.gree.com//goods/product/details?id=1002979336&skuId=1000309115,https://item.jd.com/100020211036.html
格力·冷静王5变频冷暖2匹1级能效柜机空调 KFR50LW(50583)FNhAaC1(金秋白),7199.0,8599.0,https://mall.gree.com//goods/product/details?id=1002957810&skuId=1000286728,https://item.jd.com/10025259063398.html
【新国标】格力·臻新风变频冷暖正1.5匹1级能效挂机空调 KFR35GW(35537)FNhChB1(英砂金),7199.0,,https://mall.gree.com//goods/product/details?id=1002979473&skuId=1000309262,
【新国标，预计6月6日陆续发货】格力·臻新风变频冷暖正1.5匹1级能效挂机空调 KFR35GW(35537)FNhAfB1(皓雪白),7199.0,,https://mall.gree.com//goods/product/details?id=1002979514&skuId=1000309303,
臻·净爽变频冷暖3匹1级能效柜机空调 KFR72LWNhIbB1W 金秋白,7349.0,,https://mall.gree.com//goods/product/details?id=1000026043&skuId=1000042900,
臻.净爽变频冷暖3匹1级能效柜机空调 KFR72LWNhIeB1W(金秋白),7349.0,,https://mall.gree.com//goods/product/details?id=1002979315&skuId=1000309088,
【新国标】格力•汉白玉变频冷暖正1.5匹1级能效挂机空调 KFR35GW(35566)FNhDaB1(皓雪白),7559.0,6299.0,https://mall.gree.com//goods/product/details?id=1002963363&skuId=1000292510,https://item.jd.com/10026297881529.html
【新国标】清巧风变频冷暖2匹3级能效挂机空调 KFR50GW(50563)FNhAfB3JY01(皓雪白),7599.0,5599.0,https://mall.gree.com//goods/product/details?id=1002976124&skuId=1000305714,https://item.jd.com/36908540082.html
【新国标】京韵变频冷暖3匹3级能效挂机空调 KFR72GWNhIe3BAj 皓雪白,7699.0,5899.0,https://mall.gree.com//goods/product/details?id=1002979492&skuId=1000309281,https://item.jd.com/10026507761500.html
【新国标】清炫风变频冷暖3匹3级能效挂机空调 KFR72GWNhIf3BAt 皓雪白,7699.0,5099.0,https://mall.gree.com//goods/product/details?id=1002978432&skuId=1000308197,https://item.jd.com/10023489418241.html
【新国标】月亮女神变频冷暖大1匹1级能效挂机空调 KFR26GW(26579)FNhCdB1(珍珠白),7699.0,,https://mall.gree.com//goods/product/details?id=1002977486&skuId=1000307115,
【新国标】天丽变频冷暖2匹1级能效柜机空调 KFR50LW(50530)FNhAmB1(皓雪白),7799.0,5599.0,https://mall.gree.com//goods/product/details?id=1002973200&skuId=1000302729,https://item.jd.com/51455882916.html
【新国标】U雅变频冷暖2匹1级能效挂机空调 KFR50GW(50521)FNhAbB1(皓雪白),7809.0,6199.0,https://mall.gree.com//goods/product/details?id=1002977550&skuId=1000307183,https://item.jd.com/70008625549.html
【新国标】格力·臻新风变频冷暖大1匹1级能效挂机空调 KFR26GW(26537)FNhAaB1(皓雪白),7919.0,6699.0,https://mall.gree.com//goods/product/details?id=1002940408&skuId=1000269137,https://item.jd.com/69259985009.html
【新国标】清巧风变频冷暖2匹2级能效挂机空调 KFR50GW(50563)FNhAaB2JY01 皓雪白,7959.0,6199.0,https://mall.gree.com//goods/product/details?id=1002963578&skuId=1000292726,https://item.jd.com/100019457982.html
【新国标】清巧风变频冷暖2匹2级能效挂机空调 KFR50GW(50563)FNhAfB2JY01 皓雪白,7959.0,,https://mall.gree.com//goods/product/details?id=1002977561&skuId=1000307225,
【新国标】清凉湾定频冷暖3匹3级能效单元柜机空调 380V电源 RF7.2WQNhAN3JY01 浅灰,7989.0,8799.0,https://mall.gree.com//goods/product/details?id=1002963671&skuId=1000292819,https://item.jd.com/71561771944.html
风赏变频冷暖3匹2级能效柜机空调 KFR72LWNhJeB2W(典雅银),8099.0,,https://mall.gree.com//goods/product/details?id=1000796023&skuId=1000069101,
【新国标】格力·云酷Ⅱ变频冷暖3匹3级能效柜机空调 KFR72LWNhAc3BG 银蓝色,8099.0,6699.0,https://mall.gree.com//goods/product/details?id=1002979337&skuId=1000309116,https://item.jd.com/100020211032.html
【新国标】U雅变频冷暖2匹1级能效挂机空调 KFR50GW(50521)FNhCaB1(奢华金),8139.0,6899.0,https://mall.gree.com//goods/product/details?id=1002963974&skuId=1000293126,https://item.jd.com/54547917479.html
【新国标】月亮女神变频冷暖正1.5匹1级能效挂机空调 KFR35GW(35579)FNhCbB1(珍珠白),8139.0,7599.0,https://mall.gree.com//goods/product/details?id=1002957751&skuId=1000303743,https://item.jd.com/67486757993.html
【新国标】月亮女神变频冷暖正1.5匹1级能效挂机空调 KFR35GW(35579)FNhCaB1(珊瑚玉),8139.0,7499.0,https://mall.gree.com//goods/product/details?id=1002957753&skuId=1000297256,https://item.jd.com/10027197435491.html
【新国标】清巧风变频冷暖2匹1级能效挂机空调 KFR50GW(50563)FNhAdB1JY01 皓雪白,8209.0,7800.0,https://mall.gree.com//goods/product/details?id=1002963576&skuId=1000292724,https://item.jd.com/100017477804.html
【新国标】清巧风变频冷暖2匹1级能效挂机空调 KFR50GW(50563)FNhAfB1JY01 皓雪白,8209.0,,https://mall.gree.com//goods/product/details?id=1002977559&skuId=1000307223,
【新国标】清凉湾定频冷暖3匹2级能效单元柜机空调 380V电源 RF7.2WQNhAN2JY01 浅灰,8249.0,12998.0,https://mall.gree.com//goods/product/details?id=1002963670&skuId=1000292818,https://item.jd.com/31298187835.html
【新国标】格力·臻新风变频冷暖大1匹1级能效挂机空调 KFR26GW(26537)FNhCbB1(珊瑚玉),8249.0,7199.0,https://mall.gree.com//goods/product/details?id=1002940410&skuId=1000269139,https://item.jd.com/33669887426.html
【新国标】清凉风变频冷暖2匹2级能效柜机空调 KFR50LW(50536)FNhAcB2JY01(皓雪白),8249.0,,https://mall.gree.com//goods/product/details?id=1002977563&skuId=1000307227,
【新国标】清凉风变频冷暖2匹2级能效柜机空调 KFR50LW(50536)FNhAaB2JY01 皓雪白,8249.0,7500.0,https://mall.gree.com//goods/product/details?id=1002963664&skuId=1000292812,https://item.jd.com/100019704096.html
i铂II变频冷暖2匹1级能效柜机空调 KFR50LW(50550)FNhAaA1(奢华金),8299.0,8999.0,https://mall.gree.com//goods/product/details?id=1000025844&skuId=1000042699,https://item.jd.com/70703160221.html
i耀变频冷暖2匹1级能效柜机空调 KFR50LW(50581)FNhAaA1(玛瑙绿),8299.0,7999.0,https://mall.gree.com//goods/product/details?id=1000135211&skuId=1000054620,https://item.jd.com/61798300467.html
【新国标】凉之韵变频冷暖3匹3级能效柜机空调 KFR72LW(72530)FNhAcB3(珊瑚玉),8359.0,5999.0,https://mall.gree.com//goods/product/details?id=1002957904&skuId=1000286822,https://item.jd.com/72138638465.html
【新国标】格力·臻新风变频冷暖正1.5匹1级能效挂机空调 KFR35GW(35537)FNhAaB1(皓雪白),8359.0,7229.0,https://mall.gree.com//goods/product/details?id=1002940409&skuId=1000269138,https://item.jd.com/65736994690.html
【新国标】冷静宝变频冷暖2匹3级能效柜机空调 KFR50LW(50555)FNhAaB3(纯白),8359.0,7099.0,https://mall.gree.com//goods/product/details?id=1002957024&skuId=1000285940,https://item.jd.com/58851023117.html
【新国标】凉之韵变频冷暖3匹3级能效柜机空调 KFR72LW(72530)FNhAbB3(皓雪白),8359.0,6099.0,https://mall.gree.com//goods/product/details?id=1002974688&skuId=1000304241,https://item.jd.com/51363997616.html
i慕变频冷暖2匹1级能效柜机空调  KFR50LW(50555)FNhBaA1(a)(奢华金),9329.0,8399.0,https://mall.gree.com//goods/product/details?id=1002960758&skuId=1000289771,https://mall.gree.com//goods/product/details?id=1000025621&skuId=1000042476
【新国标】格力·臻新风变频冷暖正1.5匹1级能效挂机空调 KFR35GW(35537)FNhCbB1(珊瑚玉),8799.0,7599.0,https://mall.gree.com//goods/product/details?id=1002940411&skuId=1000269140,https://item.jd.com/33669887427.html
【新国标】格力・金贝变频冷暖正1.5匹1级能效挂机空调 KFR35GW(35578)FNhCaB1(皓雪白),8899.0,8899.0,https://mall.gree.com//goods/product/details?id=1002969234&skuId=1000298583,https://item.jd.com/10023107213279.html
【新国标】格力•金贝变频冷暖正1.5匹1级能效挂机空调 KFR35GW(35578)FNhCcB1(奢华金),8899.0,7859.0,https://mall.gree.com//goods/product/details?id=1002970666&skuId=1000300067,https://item.jd.com/10026917715716.html
【新国标】清巧风变频冷暖3匹3级能效挂机空调 KFR72GW(72563)FNhAfB3JY01(皓雪白),8899.0,6700.0,https://mall.gree.com//goods/product/details?id=1002976125&skuId=1000305715,https://item.jd.com/100017477802.html
【新国标】清巧风变频冷暖3匹2级能效挂机空调 KFR72GW(72563)FNhAaB2JY01 皓雪白,8959.0,7299.0,https://mall.gree.com//goods/product/details?id=1002963579&skuId=1000292727,https://item.jd.com/100019457984.html
【新国标】清巧风变频冷暖3匹2级能效挂机空调 KFR72GW(72563)FNhAfB2JY01 皓雪白,8959.0,,https://mall.gree.com//goods/product/details?id=1002977562&skuId=1000307226,
i慕变频冷暖3匹1级能效柜机空调 KFR72LW(72555)FNhBaA1 奢华金,8999.0,12390.0,https://mall.gree.com//goods/product/details?id=1000025622&skuId=1000042477,https://item.jd.com/66737106678.html
【新国标】格力·臻新风变频冷暖正1.5匹1级能效挂机空调 KFR35GW(35537)FNhCpB1(汝瓷青),8999.0,,https://mall.gree.com//goods/product/details?id=1002977116&skuId=1000306739,
天井机2匹冷暖KFR50TW(5056)NhBa3顶_四面出风 共享舒适(售价含安装费用450元，高空作业费、打孔费等需另外收费，另外收费项目具体内容可在产品详情页中查看),9000.0,6499.0,https://mall.gree.com//goods/product/details?id=1000026432&skuId=1000043367,https://item.jd.com/29549021718.html
【新国标】冷静悦变频冷暖2匹2级能效柜机空调 KFR50LW(50580)FNhAaB2(皓雪白),9239.0,,https://mall.gree.com//goods/product/details?id=1002961920&skuId=1000290991,
i慕变频冷暖2匹1级能效柜机空调  KFR50LW(50555)FNhBaA1(a)(奢华金),9329.0,8399.0,https://mall.gree.com//goods/product/details?id=1002960758&skuId=1000289771,https://mall.gree.com//goods/product/details?id=1000025621&skuId=1000042476
【新国标】U雅变频冷暖3匹1级能效挂机空调 KFR72GW(72521)FNhAaB1(皓雪白),9459.0,7799.0,https://mall.gree.com//goods/product/details?id=1002963973&skuId=1000293125,https://item.jd.com/68747725910.html
【新国标】天井机2匹变频冷暖3级能效 KFR50TW(50530)FNhCaB3,9500.0,9500.0,https://mall.gree.com//goods/product/details?id=1002964474&skuId=1000293644,https://item.jd.com/31300016968.html
【新国标】冷静宝变频冷暖3匹3级能效柜机空调 KFR72LW(72555)FNhAaB3(纯白),9569.0,8099.0,https://mall.gree.com//goods/product/details?id=1002957023&skuId=1000285939,https://item.jd.com/58851023118.html
【新国标】时光绘变频冷暖2匹1级能效柜机空调 KFR50LW(50567)FNhAdB1(经典米),9569.0,8699.0,https://mall.gree.com//goods/product/details?id=1002976153&skuId=1000305743,https://item.jd.com/54332315190.html
【新国标】天井机3匹定频单冷3级能效 KF72TW(72350)NhCa3,9599.0,9599.0,https://mall.gree.com//goods/product/details?id=1002964477&skuId=1000293647,https://item.jd.com/41481628802.html
【新国标】天井机3匹定频单冷3级能效 380V电源 KF72TW(72350S)NhCa3,9699.0,9699.0,https://mall.gree.com//goods/product/details?id=1002964479&skuId=1000293649,https://item.jd.com/41481628803.html
【新国标】京淳变频冷暖2匹1级能效柜机空调 KFR50LWNhDj1BGj(碧玺蓝),9999.0,9999.0,https://mall.gree.com//goods/product/details?id=1002979467&skuId=1000309256,https://item.jd.com/100021510648.html
【新国标，自下单时间起一个月后发货】臻净风变频冷暖2匹1级能效柜机空调(除甲醛) KFR50LW(50550)FNhAhB1(伦勃朗棕),9999.0,,https://mall.gree.com//goods/product/details?id=1002977120&skuId=1000306743,
【新国标】格力・玫瑰变频冷暖大1匹1级能效挂机空调 KFR26GW(26588)FNhAaB1(花瓣粉),9999.0,,https://mall.gree.com//goods/product/details?id=1002965568&skuId=1000294746,
【新国标】清凉风变频冷暖3匹2级能效柜机空调 KFR72LW(72536)FNhAcB2JY01(皓雪白),10069.0,6699.0,https://mall.gree.com//goods/product/details?id=1002977565&skuId=1000307229,https://item.jd.com/100017477798.html
【新国标】云恬变频冷暖2匹1级能效柜机空调 KFR50LWNhJe1BG(文艺灰),10119.0,,https://mall.gree.com//goods/product/details?id=1002979484&skuId=1000309273,
【新国标】时光绘变频冷暖2匹1级能效柜机空调 KFR50LW(50567)FNhAcB1(文艺灰),10119.0,6899.0,https://mall.gree.com//goods/product/details?id=1002976156&skuId=1000305746,https://item.jd.com/10024429431549.html
【新国标】格力・玫瑰变频冷暖正1.5匹1级能效挂机空调 KFR35GW(35588)FNhAaB1(花瓣粉),10599.0,,https://mall.gree.com//goods/product/details?id=1002965569&skuId=1000294747,
【新国标】时光绘变频冷暖3匹1级能效柜机空调 KFR72LW(72567)FNhAdB1(经典米),10669.0,9699.0,https://mall.gree.com//goods/product/details?id=1002976155&skuId=1000305745,https://item.jd.com/54332315191.html
格力·云铂变频冷暖2匹1级能效柜机空调 KFR50LWNhJbB1W 玫瑰金,10699.0,,https://mall.gree.com//goods/product/details?id=1000026005&skuId=1000042862,
【新国标】冷静悦变频冷暖3匹2级能效柜机空调 KFR72LW(72580)FNhAaB2(皓雪白),10739.0,,https://mall.gree.com//goods/product/details?id=1002963978&skuId=1000293130,
【新国标】天井机3匹定频冷暖3级能效 KFR72TW(72550)NhCa3,10779.0,9799.0,https://mall.gree.com//goods/product/details?id=1002964478&skuId=1000293648,https://item.jd.com/41962295655.html
格力·领衔变频冷暖2匹1级能效柜机空调 KFR50LW(50518)FNhAaA1 (金秋白),10799.0,9699.0,https://mall.gree.com//goods/product/details?id=1002979709&skuId=1000309565,https://item.jd.com/68686165852.html
【新国标】天井机3匹定频冷暖3级能效 380V电源 KFR72TW(72550S)NhCa3,10889.0,9899.0,https://mall.gree.com//goods/product/details?id=1002964480&skuId=1000293650,https://item.jd.com/56096016505.html
风无界变频冷暖2匹1级能效柜机空调 KFR50LW(50582)FNhCbA1(珍珠白),10999.0,16499.0,https://mall.gree.com//goods/product/details?id=1000040890&skuId=1000052339,https://item.jd.com/69344075822.html
【新国标】天井机3匹定频冷暖2级能效 KFR72TW(72550)NhCa2,10999.0,8899.0,https://mall.gree.com//goods/product/details?id=1002964546&skuId=1000293716,https://item.jd.com/10026338502690.html
时光绘变频冷暖3匹1级能效柜机空调 KFR72LW(72567)FNhAcB1(文艺灰),11219.0,7999.0,https://mall.gree.com//goods/product/details?id=1002976069&skuId=1000305659,https://item.jd.com/10021729565192.html
【新国标】云恬变频冷暖3匹1级能效柜机空调 KFR72LWNhJe1BG(文艺灰),11219.0,,https://mall.gree.com//goods/product/details?id=1002979485&skuId=1000309274,
【新国标】天井机3匹定频冷暖2级能效 380V电源 KFR72TW(72550S)NhCa2,11299.0,,https://mall.gree.com//goods/product/details?id=1002964548&skuId=1000293718,
格力•金贝Ⅱ变频冷暖2匹1级能效柜机空调 KFR50LW(50572)FNhAbA1(奢华金),11599.0,11999.0,https://mall.gree.com//goods/product/details?id=1000032964&skuId=1000050865,https://item.jd.com/55321347020.html
【新国标】天井机5匹定频单冷3级能效 380V电源 KF120TW(12350S)NhCa3,11809.0,10729.0,https://mall.gree.com//goods/product/details?id=1002964475&skuId=1000293645,https://item.jd.com/46078449686.html
格力·云铂变频冷暖3匹1级能效柜机空调 KFR72LWNhDg1BG(玫瑰金),11999.0,15398.0,https://mall.gree.com//goods/product/details?id=1002979474&skuId=1000309263,https://item.jd.com/100021569308.html
格力・金贝变频冷暖2匹1级能效柜机空调 智能舒适 便捷生活 KFR50LW(50578)FNhAdA1(a) 奢华金,11999.0,12800.0,https://mall.gree.com//goods/product/details?id=1000025770&skuId=1000042625,https://item.jd.com/51464893611.html
【新国标，自下单时间起一个月后发货】臻净风变频冷暖3匹1级能效柜机空调(除甲醛) KFR72LW(72550)FNhAhB1(伦勃朗棕),11999.0,,https://mall.gree.com//goods/product/details?id=1002977121&skuId=1000306744,
【新国标】天井机5匹定频冷暖3级能效 380V电源 KFR120TW(12550S)NhCa3,12079.0,10999.0,https://mall.gree.com//goods/product/details?id=1002964476&skuId=1000293646,https://item.jd.com/55259324464.html
【新国标】i耀变频冷暖2匹1级能效柜机空调 KFR50LW(50581)FNhAbB1(玛瑙绿),12199.0,12199.0,https://mall.gree.com//goods/product/details?id=1002961916&skuId=1000290987,https://item.jd.com/10023735854114.html
【新国标】天井机5匹定频冷暖2级能效 380V电源 KFR120TW(12550S)NhCa2,12359.0,11800.0,https://mall.gree.com//goods/product/details?id=1002964542&skuId=1000293712,https://item.jd.com/10020305631363.html
【新国标】冷静王变频冷暖3匹1级能效柜机空调 KFR72LW(72583)FNhAaB1(金秋白),12429.0,9799.0,https://mall.gree.com//goods/product/details?id=1002957026&skuId=1000285942,https://item.jd.com/67034785800.html
【新国标】i铂变频冷暖3匹1级能效柜机空调 KFR72LW(72550)FNhAaB1(奢华金),12699.0,10399.0,https://mall.gree.com//goods/product/details?id=1002964060&skuId=1000293212,https://item.jd.com/10024124093313.html
风无界变频冷暖3匹1级能效柜机空调 KFR72LW(72582)FNhCbA1(珊瑚玉),12999.0,11980.0,https://mall.gree.com//goods/product/details?id=1000040893&skuId=1000052342,https://item.jd.com/70914468908.html
【新国标】i耀变频冷暖3匹1级能效柜机空调 KFR72LW(72581)FNhAbB1(玛瑙绿),13199.0,10800.0,https://mall.gree.com//goods/product/details?id=1002961917&skuId=1000290988,https://item.jd.com/100019687202.html
【新国标】格力•金贝变频冷暖2匹1级能效柜机空调 KFR50LW(50572)FNhAaB1(珍珠白),13899.0,14899.0,https://mall.gree.com//goods/product/details?id=1002961910&skuId=1000290981,https://item.jd.com/100018821096.html
全能王i尊Ⅱ能效“领跑者”机型变频冷暖3匹1级能效柜机空调 KFR72LW(72586)FNhAaA1(a) (幻彩银),13999.0,18799.0,https://mall.gree.com//goods/product/details?id=1002979710&skuId=1000309566,https://item.jd.com/57288483600.html
【新国标】格力•王者变频冷暖2匹1级能效柜机空调 KFR50LW(50518)FNhAaB1(皓雪白),14199.0,9299.0,https://mall.gree.com//goods/product/details?id=1002948182&skuId=1000276988,https://item.jd.com/70566957435.html
【新国标】冷静尊变频冷暖大3匹1级能效柜机空调 KFR76LW(76583)FNhEaB1(奢华金),14999.0,14299.0,https://mall.gree.com//goods/product/details?id=1002961104&skuId=1000290124,https://item.jd.com/10026296874872.html
格力·领御变频冷暖3匹1级能效柜机空调 冷暖神器 衡温空间 KFR72LW(72577)FNhAbA1(优雅紫),14999.0,,https://mall.gree.com//goods/product/details?id=1000026022&skuId=1000042879,
【新国标】格力·臻新风变频冷暖2匹1级能效柜机空调 KFR50LW(50582)FNhCeB1(汝瓷青),15299.0,,https://mall.gree.com//goods/product/details?id=1002977122&skuId=1000306745,
【新国标，6月14日开始陆续交货】格力·臻新风变频冷暖2匹1级能效柜机空调 KFR50LW(50582)FNhCgB1(珍珠白),15299.0,15299.0,https://mall.gree.com//goods/product/details?id=1002979517&skuId=1000309742,https://mall.gree.com//goods/product/details?id=1002979517&skuId=1000309306
【新国标，6月14日开始陆续交货】格力·臻新风变频冷暖2匹1级能效柜机空调 KFR50LW(50582)FNhCgB1(珍珠白),15299.0,15299.0,https://mall.gree.com//goods/product/details?id=1002979517&skuId=1000309742,https://mall.gree.com//goods/product/details?id=1002979517&skuId=1000309306
【新国标】格力•金贝变频冷暖3匹1级能效柜机空调 KFR72LW(72572)FNhAaB1(珍珠白),15899.0,16899.0,https://mall.gree.com//goods/product/details?id=1002961911&skuId=1000290982,https://item.jd.com/100020359886.html
【新国标】清凉湾变频冷暖5匹2级能效柜机空调 380V电源 KFR120LW(12536S)FNhAdB2JY01 浅灰,15999.0,17999.0,https://mall.gree.com//goods/product/details?id=1002972111&skuId=1000301570,https://item.jd.com/100010068671.html
【新国标】京淳变频冷暖3匹1级能效柜机空调 KFR72LWNhDj1BGj(碧玺蓝),15999.0,11999.0,https://mall.gree.com//goods/product/details?id=1002979468&skuId=1000309257,https://item.jd.com/100021510646.html
【新国标】天井机5匹变频冷暖2级能效 380V电源 KFR120TW(12550S)FNhCaB2,16069.0,,https://mall.gree.com//goods/product/details?id=1002964550&skuId=1000293720,
【新国标】格力•金贝变频冷暖3匹1级能效柜机空调 KFR72LW(72572)FNhAbB1(奢华金),16099.0,16099.0,https://mall.gree.com//goods/product/details?id=1002961913&skuId=1000290984,https://item.jd.com/30503621277.html
【新国标】冷静尊变频冷暖4匹3级能效柜机空调 KFR100LW(10583)FNhEaB3(奢华金),16499.0,13999.0,https://mall.gree.com//goods/product/details?id=1002961105&skuId=1000290125,https://item.jd.com/44160807399.html
【新国标】格力·臻新风变频冷暖2匹1级能效柜机空调 KFR50LW(50582)FNhCbB1(珊瑚玉),16999.0,16999.0,https://mall.gree.com//goods/product/details?id=1002940414&skuId=1000269143,https://item.jd.com/10027028310887.html
【新国标】格力·臻新风变频冷暖2匹1级能效柜机空调 KFR50LW(50582)FNhCaB1(珍珠白),16999.0,15299.0,https://mall.gree.com//goods/product/details?id=1002940415&skuId=1000269144,https://item.jd.com/65768174979.html
格力·汉白玉变频冷暖2匹1级能效柜机空调 KFR50LW(50594)FNhAaA1(皓雪白),16999.0,16999.0,https://mall.gree.com//goods/product/details?id=1000025922&skuId=1000042779,https://item.jd.com/36911365465.html
【新国标】格力•王者变频冷暖3匹1级能效柜机空调 KFR72LW(72518)FNhAaB1(皓雪白),17199.0,10299.0,https://mall.gree.com//goods/product/details?id=1002948195&skuId=1000277001,https://item.jd.com/70567331021.html
【新国标，预计6月14日陆续发货】格力·臻新风变频冷暖3匹1级能效柜机空调 KFR72LW(72582)FNhCgB1(珍珠白),17299.0,17299.0,https://mall.gree.com//goods/product/details?id=1002979518&skuId=1000309694,https://mall.gree.com//goods/product/details?id=1002979518&skuId=1000309307
【新国标，预计6月14日陆续发货】格力·臻新风变频冷暖3匹1级能效柜机空调 KFR72LW(72582)FNhCgB1(珍珠白),17299.0,17299.0,https://mall.gree.com//goods/product/details?id=1002979518&skuId=1000309694,https://mall.gree.com//goods/product/details?id=1002979518&skuId=1000309307
【新国标】格力•领御变频冷暖2匹1级能效柜机空调 KFR50LW(50577)FNhAbB1(优雅紫),17999.0,,https://mall.gree.com//goods/product/details?id=1002961918&skuId=1000290989,
格力·汉白玉变频冷暖3匹1级能效柜机空调  KFR72LW(72594)FNhAaA1(皓雪白),18999.0,17999.0,https://mall.gree.com//goods/product/details?id=1000025780&skuId=1000042635,https://item.jd.com/68529102620.html
格力玫瑰Ⅱ变频冷暖3匹1级能效柜机空调 KFR72LW(72593)FNhAbA1(花瓣粉),19599.0,19999.0,https://mall.gree.com//goods/product/details?id=1000026065&skuId=1000042923,https://item.jd.com/100022440456.html
【新国标】格力·臻新风变频冷暖3匹1级能效柜机空调 KFR72LW(72582)FNhCbB1(珊瑚玉),19999.0,17999.0,https://mall.gree.com//goods/product/details?id=1002940412&skuId=1000269141,https://item.jd.com/10027028310888.html
【新国标】格力·臻新风变频冷暖3匹1级能效柜机空调 KFR72LW(72582)FNhCaB1(珍珠白),19999.0,16099.0,https://mall.gree.com//goods/product/details?id=1002940413&skuId=1000269142,https://item.jd.com/63891913204.html
【新国标】格力•领御变频冷暖3匹1级能效柜机空调 KFR72LW(72577)FNhAaB1(皓雪白),19999.0,19999.0,https://mall.gree.com//goods/product/details?id=1002961914&skuId=1000290985,https://item.jd.com/10027650064945.html
【新国标】格力•明珠变频冷暖2匹1级能效柜机空调 KFR50LW(50502)FNhCbB1(珍珠白),19999.0,18799.0,https://mall.gree.com//goods/product/details?id=1002960324&skuId=1000289286,https://item.jd.com/10963231063.html
【新国标】格力•领御变频冷暖3匹1级能效柜机空调 KFR72LW(72577)FNhAbB1(优雅紫),19999.0,19999.0,https://mall.gree.com//goods/product/details?id=1002961915&skuId=1000290986,https://item.jd.com/10023095847822.html
【新国标】格力·明珠变频冷暖2匹1级能效柜机空调 KFR50LW(50502)FNhCcB1(珊瑚玉),19999.0,16800.0,https://mall.gree.com//goods/product/details?id=1002979285&skuId=1000309054,https://item.jd.com/25385761144.html
【新国标】格力·臻新风变频冷暖3匹1级能效柜机空调 KFR72LW(72582)FNhCeB1(汝瓷青),21099.0,,https://mall.gree.com//goods/product/details?id=1002977117&skuId=1000306740,
【新国标】格力•明珠变频冷暖3匹1级能效柜机空调 KFR72LW(72502)FNhCaB1(珊瑚玉),21999.0,18999.0,https://mall.gree.com//goods/product/details?id=1002960323&skuId=1000289285,https://item.jd.com/68453336766.html
【新国标】格力•明珠变频冷暖3匹1级能效柜机空调 KFR72LW(72502)FNhCbB1(珍珠白),21999.0,20799.0,https://mall.gree.com//goods/product/details?id=1002960325&skuId=1000289287,https://item.jd.com/10963231064.html
【新国标】格力•汉白玉变频冷暖2匹1级能效柜机空调 KFR50LW(50594)FNhAaB1(皓雪白),21999.0,22800.0,https://mall.gree.com//goods/product/details?id=1002961919&skuId=1000290990,https://item.jd.com/100020782732.html
【新国标】格力•汉白玉变频冷暖3匹1级能效柜机空调 KFR72LW(72594)FNhAaB1(皓雪白),24199.0,19999.0,https://mall.gree.com//goods/product/details?id=1002961909&skuId=1000290980,https://item.jd.com/100022383814.html
【新国标】格力•玫瑰变频冷暖2匹1级能效柜机空调 KFR50LW(50501)FNhAaB1(花瓣粉),26999.0,27800.0,https://mall.gree.com//goods/product/details?id=1002960231&skuId=1000289191,https://item.jd.com/100020782762.html
【新国标】格力•玫瑰变频冷暖3匹1级能效柜机空调 KFR72LW(72501)FNhAaB1(花瓣粉),29999.0,29499.0,https://mall.gree.com//goods/product/details?id=1002960232&skuId=1000289192,https://item.jd.com/10026299654866.html
